{
    "BlackSwanDetector_LSTM": {
        "accuracy": 0.9783549783549783,
        "precision": 0.2857142857142857,
        "recall": 0.4444444444444444,
        "f1": 0.34782608695652173,
        "confusion_matrix": [
            [
                674,
                10
            ],
            [
                5,
                4
            ]
        ]
    },
    "BlackSwanDetector_CNN-LSTM": {
        "accuracy": 0.9754689754689755,
        "precision": 0.21428571428571427,
        "recall": 0.3333333333333333,
        "f1": 0.2608695652173913,
        "confusion_matrix": [
            [
                673,
                11
            ],
            [
                6,
                3
            ]
        ]
    },
    "BlackSwanDetector_Transformer-LSTM": {
        "accuracy": 0.9797979797979798,
        "precision": 0.3076923076923077,
        "recall": 0.4444444444444444,
        "f1": 0.36363636363636365,
        "confusion_matrix": [
            [
                675,
                9
            ],
            [
                5,
                4
            ]
        ]
    },
    "StatisticalDetector": {
        "accuracy": 0.9725829725829725,
        "precision": 0.25,
        "recall": 0.5555555555555556,
        "f1": 0.3448275862068966,
        "confusion_matrix": [
            [
                669,
                15
            ],
            [
                4,
                5
            ]
        ]
    }
}